TIME,JOGADOR,CLASSIFICACAO,ATLETA_ID
Athletico-PR,ALEJANDRO GARCÍA,MEIA,128427
Athletico-PR,DANTAS,VOLANTE,123445
Athletico-PR,DUDU,MEIA,125746
Athletico-PR,FELIPE CHIQUETI,MEIA,127970
Athletico-PR,FELIPINHO,MEIA,112017
Athletico-PR,JADSON,VOLANTE,80129
Athletico-PR,JOÃO CRUZ,VOLANTE,128431
Athletico-PR,LUIZ GUSTAVO,VOLANTE,71536
Athletico-PR,PORTILLA,VOLANTE,131832
Athletico-PR,RIQUELME,VOLANTE,130906
Athletico-PR,ZAPELLI,MEIA,125926
Atlético-MG,ALAN FRANCO,VOLANTE,39656
Atlético-MG,ALEXSANDER,VOLANTE,118774
Atlético-MG,BERNARD,MEIA,72460
Atlético-MG,CISSÉ,MEIA,147088
Atlético-MG,GUSTAVO SCARPA,MEIA,87999
Atlético-MG,GUTTE,MEIA,151440
Atlético-MG,IGOR GOMES,MEIA,100084
Atlético-MG,MAYCON,VOLANTE,94154
Atlético-MG,PATRICK,VOLANTE,122990
Atlético-MG,REINIER,MEIA,105068
Atlético-MG,TOMÁS PÉREZ,VOLANTE,126189
Atlético-MG,VICTOR HUGO,MEIA,116034
Atlético-MG,ÍNDIO,MEIA,141551
Bahia,ACEVEDO,VOLANTE,104783
Bahia,CAIO ALEXANDRE,VOLANTE,106323
Bahia,DAVID MARTINS,MEIA,140726
Bahia,ERICK,VOLANTE,98022
Bahia,EVERTON RIBEIRO,MEIA,51772
Bahia,JEAN LUCAS,VOLANTE,98517
Bahia,MICHEL ARAÚJO,MEIA,107173
Bahia,RODRIGO NESTOR,MEIA,106822
Bahia,SIDNEY,VOLANTE,123005
Bahia,WENDEL,VOLANTE,129661
Botafogo,ALLAN,VOLANTE,69140
Botafogo,ARTHUR NOVAES,MEIA,147782
Botafogo,BARRERA,MEIA,142484
Botafogo,CAIO VALLE,MEIA,141752
Botafogo,DANILO,VOLANTE,107231
Botafogo,DOMINGOS ANDRADE,VOLANTE,144976
Botafogo,EDENÍLSON,VOLANTE,63289
Botafogo,HUGUINHO,VOLANTE,141400
Botafogo,MARQUINHOS,VOLANTE,146410
Botafogo,MEDINA,MEIA,109987
Botafogo,MONTORO,MEIA,142890
Botafogo,SANTI RODRÍGUEZ,MEIA,105214
Botafogo,VICTOR HUGO,VOLANTE,151405
Botafogo,WALLACE DAVI,VOLANTE,133696
Chapecoense,BRUNO MATIAS,MEIA,101352
Chapecoense,CAMILO,VOLANTE,104519
Chapecoense,DA SILVA,MEIA,121811
Chapecoense,DAVID,MEIA,140438
Chapecoense,GIOVANNI AUGUSTO,MEIA,68938
Chapecoense,JUAN FERREIRA,MEIA,151294
Chapecoense,MAX,MEIA,107203
Chapecoense,RAFAEL CARVALHEIRA,VOLANTE,109336
Chapecoense,ROBERT,MEIA,130414
Chapecoense,VINÍCIUS BALIEIRO,VOLANTE,110605
Corinthians,ALEX SANTANA,VOLANTE,85465
Corinthians,ALLAN,VOLANTE,96652
Corinthians,ANDRÉ,VOLANTE,145744
Corinthians,BAHIA,MEIA,127242
Corinthians,BRENO BIDON,MEIA,117910
Corinthians,CARRILLO,VOLANTE,77485
Corinthians,CHARLES,VOLANTE,96342
Corinthians,DIEGUINHO,MEIA,141995
Corinthians,GARRO,MEIA,117632
Corinthians,LABYAD,MEIA,104036
Corinthians,MATHEUS PEREIRA,VOLANTE,90370
Corinthians,RANIELE,VOLANTE,95556
Corinthians,RYAN,VOLANTE,122396
Coritiba,ARARAT,VOLANTE,148152
Coritiba,FERNANDO SOBRAL,VOLANTE,84428
Coritiba,GUSTAVO,MEIA,110633
Coritiba,JOSUÉ,MEIA,84626
Coritiba,MATHEUS DIAS,MEIA,130283
Coritiba,SEBASTIÁN GÓMEZ,VOLANTE,104811
Coritiba,VINI PAULISTA,MEIA,112576
Coritiba,VITOR TISSI,VOLANTE,141344
Coritiba,WALLISSON,MEIA,101405
Coritiba,WILLIAN OLIVEIRA,VOLANTE,81952
Cruzeiro,FELIPE MORAIS,MEIA,151292
Cruzeiro,GERSON,VOLANTE,89256
Cruzeiro,LUCAS ROMERO,VOLANTE,84558
Cruzeiro,LUCAS SILVA,VOLANTE,79701
Cruzeiro,MATHEUS HENRIQUE,VOLANTE,100742
Cruzeiro,MATHEUS PEREIRA,MEIA,96610
Cruzeiro,MURILO RHIKMAN,VOLANTE,143350
Cruzeiro,PERALTA,VOLANTE,112985
Cruzeiro,RHUAN GABRIEL,MEIA,146991
Cruzeiro,ZÉ LUCAS,VOLANTE,141160
Flamengo,ARRASCAETA,MEIA,87863
Flamengo,CARRASCAL,MEIA,105436
Flamengo,DE LA CRUZ,VOLANTE,99228
Flamengo,ERICK PULGAR,VOLANTE,91473
Flamengo,EVERTTON ARAÚJO,VOLANTE,115914
Flamengo,GUILHERME GOMES,MEIA,130382
Flamengo,JORGINHO,VOLANTE,84735
Flamengo,JOSHUA,MEIA,143295
Flamengo,KAIO NÓBREGA,VOLANTE,145703
Flamengo,LORRAN,MEIA,122321
Flamengo,LUCAS PAQUETÁ,MEIA,94930
Flamengo,LUIZ FELIPE,VOLANTE,142275
Flamengo,PABLO LÚCIO,MEIA,141628
Flamengo,SAYAGO,MEIA,150995
Flamengo,SAÚL,VOLANTE,80061
Fluminense,ALISSON,MEIA,81845
Fluminense,GANSO,MEIA,62977
Fluminense,HÉRCULES,VOLANTE,116447
Fluminense,LUCHO ACOSTA,MEIA,89837
Fluminense,MARTINELLI,VOLANTE,109573
Fluminense,NONATO,VOLANTE,100987
Fluminense,OTÁVIO,VOLANTE,82463
Fluminense,SAVARINO,MEIA,98672
Grêmio,BERNARDO ZORTEA,VOLANTE,142260
Grêmio,DODI,VOLANTE,89883
Grêmio,JEFINHO,VOLANTE,147545
Grêmio,LEONEL PÉREZ,VOLANTE,143173
Grêmio,MONSALVE,MEIA,109966
Grêmio,NARDONI,MEIA,108162
Grêmio,RIQUELME,MEIA,130889
Grêmio,ROGER,VOLANTE,147546
Grêmio,RONALD,VOLANTE,118238
Grêmio,TIAGUINHO,MEIA,140496
Grêmio,VILLASANTI,VOLANTE,97145
Grêmio,WILLIAN,MEIA,42135
Internacional,ALAN PATRICK,MEIA,68685
Internacional,ALAN RODRÍGUEZ,VOLANTE,123744
Internacional,ALLEX,MEIA,124270
Internacional,BENJAMIN ARHIN,VOLANTE,146701
Internacional,BRUNO GOMES,MEIA,106202
Internacional,BRUNO HENRIQUE,VOLANTE,70944
Internacional,CALEBE,MEIA,109461
Internacional,GABRIEL VINICIUS,MEIA,150842
Internacional,PAULINHO,VOLANTE,126182
Internacional,RICHARD,VOLANTE,86711
Internacional,RONALDO,VOLANTE,92981
Internacional,THIAGO MAIA,VOLANTE,89637
Internacional,VILLAGRA,VOLANTE,105157
Mirassol,ALDO FILHO,VOLANTE,105903
Mirassol,CHICO KIM,MEIA,82407
Mirassol,DENILSON,VOLANTE,115986
Mirassol,EDUARDO,MEIA,68708
Mirassol,GABRIEL PIRES,VOLANTE,71898
Mirassol,GUSTAVO CAZONATTI,VOLANTE,95541
Mirassol,JAPA,MEIA,122660
Mirassol,NETO MOURA,VOLANTE,87742
Mirassol,SHAYLON,MEIA,97520
Palmeiras,ALLAN,MEIA,141451
Palmeiras,ANDREAS PEREIRA,MEIA,89274
Palmeiras,ARIAS,MEIA,99815
Palmeiras,EMILIANO MARTÍNEZ,VOLANTE,108683
Palmeiras,FELIPE ANDERSON,MEIA,70592
Palmeiras,LARSON,MEIA,136156
Palmeiras,LUCAS EVANGELISTA,VOLANTE,84674
Palmeiras,LUIS PACHECO,MEIA,146623
Palmeiras,MARLON FREITAS,VOLANTE,93790
Palmeiras,MAURÍCIO,MEIA,105647
Palmeiras,RAFAEL COUTINHO,MEIA,145413
Palmeiras,VICTOR GABRIEL,MEIA,144889
Red Bull Bragantino,BRUNINHO,MEIA,113558
Red Bull Bragantino,ERIC RAMIRES,VOLANTE,103295
Red Bull Bragantino,FABINHO,VOLANTE,111760
Red Bull Bragantino,GABRIEL,VOLANTE,78605
Red Bull Bragantino,GUSTAVINHO,MEIA,122394
Red Bull Bragantino,IGNACIO SOSA,MEIA,132274
Red Bull Bragantino,MARCELINHO,MEIA,126120
Red Bull Bragantino,MATHEUS FERNANDES,VOLANTE,94067
Red Bull Bragantino,PRAXEDES,MEIA,107744
Red Bull Bragantino,RODRIGUINHO,MEIA,118563
Red Bull Bragantino,YURI ALVES,MEIA,141536
Remo,CATAROZZI,VOLANTE,112939
Remo,DAVID BRAGA,VOLANTE,123016
Remo,EDSON FERNANDO,VOLANTE,105901
Remo,JOSÉ WELISON,VOLANTE,86859
Remo,JÁDERSON,MEIA,98224
Remo,PH GAMA,MEIA,143455
Remo,PATRICK,VOLANTE,83433
Remo,PICCO,MEIA,113125
Remo,RAFAEL SOARES,VOLANTE,148103
Remo,VITOR BUENO,MEIA,87552
Remo,YAGO PIKACHU,MEIA,80196
Remo,ZÉ RICARDO,VOLANTE,102911
Santos,BARREAL,MEIA,126471
Santos,GABRIEL BONTEMPO,VOLANTE,141754
Santos,GABRIEL MENINO,VOLANTE,103767
Santos,GUSTAVO HENRIQUE,MEIA,141776
Santos,JOÃO SCHMIDT,VOLANTE,77777
Santos,MIGUELITO,MEIA,115025
Santos,NEYMAR,MEIA,63007
Santos,OLIVA,VOLANTE,101807
Santos,PEPÊ FERMINO,MEIA,147736
Santos,ROLLHEISER,MEIA,102256
Santos,SAMUEL PIERRI,VOLANTE,150757
Santos,THACIANO,MEIA,87470
Santos,WILLIAN ARÃO,VOLANTE,78478
Santos,ZÉ RAFAEL,VOLANTE,82455
São Paulo,BOBADILLA,MEIA,107873
São Paulo,CAULY,MEIA,123360
São Paulo,DANIELZINHO,VOLANTE,85403
São Paulo,DJHORDNEY,MEIA,148215
São Paulo,HUGO LEONARDO,VOLANTE,141606
São Paulo,LUAN,VOLANTE,102909
São Paulo,LUCAS MOURA,MEIA,70164
São Paulo,MARCOS ANTÔNIO,VOLANTE,106294
São Paulo,NEWTON,VOLANTE,104693
São Paulo,PABLO MAIA,VOLANTE,113359
São Paulo,PEDRO FERREIRA,MEIA,141615
Vasco,ADSON,MEIA,111682
Vasco,BARROS,VOLANTE,122485
Vasco,JP,MEIA,129666
Vasco,JAIR,VOLANTE,81091
Vasco,JOHAN ROJAS,MEIA,128433
Vasco,LUKAS ZUCCARELLO,MEIA,130279
Vasco,MATEUS CARVALHO,VOLANTE,118752
Vasco,NUNO MOREIRA,MEIA,142279
Vasco,RAMON RIQUE,MEIA,150180
Vasco,TCHÊ TCHÊ,VOLANTE,86686
Vasco,THIAGO MENDES,VOLANTE,71123
Vitória,BARALHAS,VOLANTE,99440
Vitória,CANTALAPIEDRA,MEIA,93411
Vitória,CAÍQUE,VOLANTE,90588
Vitória,DUDU,VOLANTE,104330
Vitória,EDENÍLSON,VOLANTE,130620
Vitória,EMMANUEL MARTÍNEZ,MEIA,103388
Vitória,MATHEUZINHO,MEIA,90703
Vitória,POCHETTINO,MEIA,99267
Vitória,RÚBEN ISMAEL,VOLANTE,145387
Vitória,WALACE,VOLANTE,88479
Vitória,WENDELL,MEIA,143253
Vitória,ZÉ BRENO,VOLANTE,130847
Vitória,ZÉ VITOR,MEIA,107256
